PRINT 'Poblando GRUPO 1: Entidades Independientes (IDs Manuales)...';

INSERT INTO Sector_Laboral (id_sector_laboral, nombre_sector) VALUES
(1, 'Tripulación de Vuelo (Pilotos)'),
(2, 'Personal de Cabina (TCP)'),
(3, 'Mantenimiento y Hangares'),
(4, 'Operaciones en Tierra (Rampa)'),
(5, 'Administración y Finanzas'),
(6, 'Atención al Cliente (Aeropuerto)');
GO

INSERT INTO Clase_Pasaje (id_clase_pasaje, nombre, precio) VALUES
(1, 'Económica', 0.00),
(2, 'Económica Premium', 180.00),
(3, 'Ejecutiva (Business)', 500.00),
(4, 'Primera Clase', 1100.00);
GO

INSERT INTO Marca (id_marca, marca) VALUES
(1, 'Boeing'),
(2, 'Airbus'),
(3, 'Embraer'),
(4, 'ATR');
GO

INSERT INTO Modelo (id_modelo, modelo, capacidad) VALUES
(1, '737-800', 189),
(2, 'A320neo', 180),
(3, '777-300ER', 396),
(4, 'A350-900', 325),
(5, '787-9 Dreamliner', 290),
(6, 'E190', 114),
(7, 'A330-300', 300),
(8, 'ATR 72', 78);
GO

INSERT INTO Tarifa (id_tarifa, precio_tarifa) VALUES
(1, 120.50),  -- Nacional Corto
(2, 210.00),  -- Nacional Largo
(3, 450.20),  -- Regional (Mercosur)
(4, 790.00),  -- Regional (América)
(5, 1150.00), -- Intercontinental (Europa)
(6, 1450.80); -- Intercontinental (Lejano)
GO

-- Sedes de Aerolíneas (Tabla 'Ubicacion')
INSERT INTO Ubicacion (id_ubicacion, ciudad, pais) VALUES
(1, 'Buenos Aires', 'Argentina'),
(2, 'Madrid', 'España'),
(3, 'Fort Worth, Texas', 'EEUU'),
(4, 'París', 'Francia'),
(5, 'Dubai', 'EAU'),
(6, 'Santiago', 'Chile'),
(7, 'Londres', 'Reino Unido'),
(8, 'Frankfurt', 'Alemania'),
(9, 'Atlanta, Georgia', 'EEUU'),
(10, 'Ciudad de Panamá', 'Panamá');
GO

-- Ubicaciones de Aeropuertos (Tabla 'Ubicacion_Aeropuerto')
INSERT INTO Ubicacion_Aeropuerto (id_ubicacion_aeropuerto, ciudad, pais, latitud, longitud) VALUES
(1, 'Buenos Aires', 'Argentina', -34.8222, -58.5358), -- EZE
(2, 'Madrid', 'España', 40.4936, -3.5668),     -- MAD
(3, 'New York', 'EEUU', 40.6398, -73.7789),      -- JFK
(4, 'París', 'Francia', 49.0097, 2.5479),       -- CDG
(5, 'São Paulo', 'Brasil', -23.4356, -46.4731),  -- GRU
(6, 'Londres', 'Reino Unido', 51.4700, -0.4543), -- LHR
(7, 'Dubai', 'EAU', 25.2532, 55.3657),        -- DXB
(8, 'Tokyo', 'Japón', 35.5523, 139.7798),      -- HND
(9, 'Buenos Aires', 'Argentina', -34.5592, -58.4156), -- AEP
(10, 'Miami', 'EEUU', 25.7959, -80.2870),      -- MIA
(11, 'Roma', 'Italia', 41.8003, 12.2389),       -- FCO
(12, 'Frankfurt', 'Alemania', 50.0379, 8.5622),   -- FRA
(13, 'Los Ángeles', 'EEUU', 33.9416, -118.4085), -- LAX
(14, 'Ciudad de México', 'México', 19.4363, -99.0721), -- MEX
(15, 'Lima', 'Perú', -12.0219, -77.1143),       -- LIM
(16, 'Bogotá', 'Colombia', 4.7016, -74.1469),     -- BOG
(17, 'Ciudad de Panamá', 'Panamá', 9.0714, -79.3833), -- PTY
(18, 'Ushuaia', 'Argentina', -54.8433, -68.2950), -- USH
(19, 'Bariloche', 'Argentina', -41.1511, -71.1579), -- BRC
(20, 'Cancún', 'México', 21.0365, -86.8771);   -- CUN
GO

/*
================================================================================
 GRUPO 2: PASAJEROS (150 Registros Hardcodeados - IDs Manuales)
================================================================================
*/
PRINT 'Poblando GRUPO 2: Pasajero (150 Hardcodeados con IDs)...';

INSERT INTO Pasajero (id_pasajero, nombre, apellido, DNI) VALUES
(1, 'Juan', 'García', '25123456'), (2, 'María', 'Fernández', '28789123'), (3, 'Carlos', 'López', '30123456'),
(4, 'Ana', 'Martínez', '32789123'), (5, 'Luis', 'González', '27456789'), (6, 'Sofía', 'Rodríguez', '31987654'),
(7, 'Javier', 'Sánchez', '29876543'), (8, 'Elena', 'Pérez', '33654321'), (9, 'Miguel', 'Gómez', '26123789'),
(10, 'Lucía', 'Díaz', '34987123'), (11, 'Pedro', 'Moreno', '24789456'), (12, 'Carmen', 'Jiménez', '31234890'),
(13, 'David', 'Ruiz', '30654789'), (14, 'Isabel', 'Hernández', '32123654'), (15, 'Fernando', 'Muñoz', '28456123'),
(16, 'Marta', 'Álvarez', '33789456'), (17, 'Alejandro', 'Romero', '29123789'), (18, 'Cristina', 'Navarro', '31654123'),
(19, 'Manuel', 'Torres', '27987456'), (20, 'Paula', 'Domínguez', '34123788'), (21, 'Francisco', 'Gutiérrez', '26789122'),
(22, 'Raquel', 'Vázquez', '32987455'), (23, 'Daniel', 'Ramos', '30456788'), (24, 'Sara', 'Gil', '33123457'),
(25, 'Jorge', 'Ramírez', '28789655'), (26, 'Andrea', 'Serrano', '31987322'), (27, 'Ricardo', 'Blanco', '29654788'),
(28, 'Verónica', 'Suárez', '32123986'), (29, 'Diego', 'Molina', '27456320'), (30, 'Natalia', 'Morales', '34789653'),
(31, 'Sergio', 'Ortega', '30987122'), (32, 'Camila', 'Castro', '33654788'), (33, 'Pablo', 'Soto', '28123455'),
(34, 'Valentina', 'Vega', '31789653'), (35, 'Adrián', 'Reyes', '29456122'), (36, 'Gabriela', 'Mendoza', '32987457'),
(37, 'Mateo', 'Flores', '30789124'), (38, 'Daniela', 'Campos', '33123787'), (39, 'Santiago', 'Guerrero', '28456787'),
(40, 'Valeria', 'Castillo', '31987652'), (41, 'Agustín', 'Ortiz', '29123457'), (42, 'Carolina', 'Rojas', '32789124'),
(43, 'Emilio', 'Medina', '30123786'), (44, 'Jimena', 'Santos', '33987457'), (45, 'Andrés', 'Vargas', '27654320'),
(46, 'Martina', 'León', '31123458'), (47, 'Roberto', 'Peña', '29789653'), (48, 'Florencia', 'Cabrera', '32654124'),
(49, 'Felipe', 'Paredes', '30456124'), (50, 'Victoria', 'Salazar', '33123786'),
(51, 'Benjamín', 'Acosta', '35123456'), (52, 'Julieta', 'Benítez', '36789123'), (53, 'Leonardo', 'Silva', '34123456'),
(54, 'Micaela', 'Ríos', '37789123'), (55, 'Lucas', 'Herrera', '35456789'), (56, 'Renata', 'Paz', '36987654'),
(57, 'Maximiliano', 'Luna', '33876543'), (58, 'Catalina', 'Figueroa', '38654321'), (59, 'Nicolás', 'Correa', '34123789'),
(60, 'Agustina', 'Cáceres', '37987123'), (61, 'Thiago', 'Sosa', '32789456'), (62, 'Guadalupe', 'Rivero', '36234890'),
(63, 'Bruno', 'Giménez', '34654789'), (64, 'Candelaria', 'Ledesma', '35123654'), (65, 'Enzo', 'Ferreyra', '33456123'),
(66, 'Delfina', 'Miranda', '38789456'), (67, 'Ignacio', 'Peralta', '34123785'), (68, 'Valentino', 'Franco', '36654123'),
(69, 'Bautista', 'Ojeda', '32987458'), (70, 'Olivia', 'Medrano', '37123789'), (71, 'Joaquín', 'Ponce', '34789124'),
(72, 'Emma', 'Valdez', '35987456'), (73, 'Santino', 'Quiroga', '33456788'), (74, 'Bianca', 'Páez', '38123457'),
(75, 'Facundo', 'Villalba', '32789654'), (76, 'Emilia', 'Bustos', '36987321'), (77, 'Lorenzo', 'Acuña', '34654788'),
(78, 'Pilar', 'Godoy', '35123987'), (79, 'Dante', 'Pereyra', '32456321'), (80, 'Malena', 'Ibarra', '37789654'),
(81, 'Simón', 'Juárez', '33987123'), (82, 'Juana', 'Ayala', '38654789'), (83, 'Franco', 'Roldán', '32123456'),
(84, 'Isabella', 'Marín', '36789653'), (85, 'Bastián', 'Cardozo', '34456123'), (86, 'Tiziana', 'Nieto', '35987457'),
(87, 'Matías', 'Carrizo', '33789124'), (88, 'Morena', 'Chávez', '38123787'), (89, 'Lisandro', 'Escobar', '32456789'),
(90, 'Ambar', 'Farias', '36987652'), (91, 'Ciro', 'Vallejos', '34123457'), (92, 'Romina', 'Maidana', '35789124'),
(93, 'Ramiro', 'Aguirre', '33123788'), (94, 'Lola', 'Britez', '38987456'), (95, 'Jeremías', 'Montenegro', '32654320'),
(96, 'Alma', 'Leguizamón', '36123458'), (97, 'Gonzalo', 'Coronel', '34789655'), (98, 'Trinidad', 'Núñez', '35654124'),
(99, 'Ian', 'Orellana', '33456124'), (100, 'Josefina', 'Ponce', '38123786'), (101, 'Alejo', 'Bravo', '35123458'),
(102, 'Luciana', 'Toledo', '36789124'), (103, 'Mateo', 'Molina', '34123458'), (104, 'Abril', 'Villanueva', '37789124'),
(105, 'Feliciano', 'Mansilla', '35456788'), (106, 'Rosario', 'Andrade', '36987655'), (107, 'Gaspar', 'Pinto', '33876542'),
(108, 'Helena', 'Quiroga', '38654320'), (109, 'Benicio', 'Vega', '34123786'), (110, 'Martina', 'Ramos', '37987124'),
(111, 'Elias', 'Galarza', '32789457'), (112, 'Jazmín', 'Paez', '36234891'), (113, 'Vicente', 'Guzmán', '34654786'),
(114, 'Mora', 'Coria', '35123655'), (115, 'Noah', 'Cabral', '33456125'), (116, 'Amparo', 'Domínguez', '38789457'),
(117, 'Theo', 'López', '34123784'), (118, 'Paula', 'Méndez', '36654124'), (119, 'Gino', 'Castillo', '32987459'),
(120, 'Lara', 'Giménez', '37123788'), (121, 'Joaquín', 'Duarte', '34789125'), (122, 'Violeta', 'Soria', '35987458'),
(123, 'Lino', 'Chávez', '33456787'), (124, 'Clara', 'Cabrera', '38123458'), (125, 'Silas', 'Arias', '32789653'),
(126, 'Zoe', 'Figueroa', '36987320'), (127, 'Milo', 'Godoy', '34654787'), (128, 'Regina', 'Morales', '35123986'),
(129, 'Teo', 'Rojas', '32456320'), (130, 'Manuela', 'Basualdo', '37789653'), (131, 'Aarón', 'Gómez', '33987122'),
(132, 'Alfonsina', 'Romero', '38654788'), (133, 'Salvador', 'Heredia', '32123457'), (134, 'Paulina', 'Ibáñez', '36789655'),
(135, 'Fermín', 'Alegre', '34456124'), (136, 'India', 'Montiel', '35987459'), (137, 'Baltazar', 'Méndez', '33789125'),
(138, 'Faustina', 'Acosta', '38123785'), (139, 'Victorio', 'Vera', '32456788'), (140, 'Miranda', 'Paz', '36987656'),
(141, 'Eliseo', 'Barrios', '34123459'), (142, 'Elena', 'Bustos', '35789125'), (143, 'Gael', 'Luna', '33123785'),
(144, 'Paloma', 'Zárate', '38987457'), (145, 'Homero', 'Reynoso', '32654322'), (146, 'Guillermina', 'Fernández', '36123459'),
(147, 'Oliver', 'García', '34789656'), (148, 'Aitana', 'Silva', '35654125'), (149, 'Galo', 'Moreno', '33456126'),
(150, 'Justina', 'Sánchez', '38123784');
GO

/*
================================================================================
 GRUPO 3: EMPLEADOS, AEROPUERTOS, CARGOS (IDs Manuales)
================================================================================
*/
PRINT 'Poblando GRUPO 3: Aeropuertos, Cargos y Empleados (IDs Manuales)...';

INSERT INTO Aeropuerto (id_aeropuerto, nombre, id_ubicacion_aeropuerto) VALUES
(1, 'Ministro Pistarini (EZE)', 1), (2, 'Barajas - Adolfo Suárez (MAD)', 2), (3, 'John F. Kennedy (JFK)', 3),
(4, 'Charles de Gaulle (CDG)', 4), (5, 'São Paulo-Guarulhos (GRU)', 5), (6, 'Heathrow (LHR)', 6),
(7, 'Dubai International (DXB)', 7), (8, 'Tokyo Haneda (HND)', 8), (9, 'Aeroparque Jorge Newbery (AEP)', 9),
(10, 'Miami International (MIA)', 10), (11, 'Fiumicino (FCO)', 11), (12, 'Frankfurt (FRA)', 12),
(13, 'Los Angeles (LAX)', 13), (14, 'Benito Juárez (MEX)', 14), (15, 'Jorge Chávez (LIM)', 15),
(16, 'El Dorado (BOG)', 16), (17, 'Tocumen (PTY)', 17), (18, 'Malvinas Argentinas (USH)', 18),
(19, 'Teniente Luis Candelaria (BRC)', 19), (20, 'Cancún (CUN)', 20);
GO

INSERT INTO Cargo (id_cargo, nombre_cargo, id_sector_laboral) VALUES
(1, 'Piloto (Comandante)', 1), (2, 'Copiloto (Primer Oficial)', 1), (3, 'Jefe de Cabina', 2),
(4, 'Auxiliar de Vuelo', 2), (5, 'Técnico de Mantenimiento A', 3), (6, 'Ingeniero de Hangar', 3),
(7, 'Agente de Rampa', 4), (8, 'Agente de Check-in', 6), (9, 'Gerente de Operaciones', 5),
(10, 'Supervisor de Mantenimiento', 3);
GO

INSERT INTO Empleado (id_empleado, nombre, apellido, id_cargo) VALUES
(1, 'Marcos', 'Acuña', 1), (2, 'Beatriz', 'Luengo', 1), (3, 'Carlos', 'Santana', 2), (4, 'Diana', 'Ross', 2),
(5, 'Esteban', 'Quito', 3), (6, 'Fabiola', 'Giménez', 3), (7, 'Gastón', 'Fernández', 4), (8, 'Hilda', 'Lizarazu', 4),
(9, 'Ignacio', 'Peralta', 4), (10, 'Jimena', 'Barón', 4), (11, 'Kevin', 'Johansen', 5), (12, 'Laura', 'Pausini', 5),
(13, 'Miguel', 'Abuelo', 6), (14, 'Nadia', 'Portillo', 6), (15, 'Oscar', 'Ahumada', 7), (16, 'Patricia', 'Sosa', 7),
(17, 'Raúl', 'Lavié', 8), (18, 'Sandra', 'Mihanovich', 8), (19, 'Tomás', 'Fonzi', 9), (20, 'Úrsula', 'Corberó', 9),
(21, 'Víctor', 'Heredia', 10), (22, 'Walter', 'Olmos', 10), (23, 'Ximena', 'Sáenz', 8), (24, 'Yago', 'Lange', 7),
(25, 'Zoe', 'Gotusso', 4), (26, 'Alberto', 'Fernández', 1), (27, 'Brenda', 'Asnicar', 2), (28, 'Cristian', 'Castro', 3),
(29, 'Dolores', 'Fonzi', 4), (30, 'Enrique', 'Iglesias', 5);
GO

/*
================================================================================
 GRUPO 4: AEROLÍNEAS, AVIONES Y RUTAS (IDs Manuales)
================================================================================
*/
PRINT 'Poblando GRUPO 4: Aerolineas, Aviones y Rutas (IDs Manuales)...';

INSERT INTO Aerolinea (id_aerolinea, nombre, id_ubicacion) VALUES
(1, 'Aerolíneas Argentinas', 1), (2, 'Iberia', 2), (3, 'American Airlines', 3), (4, 'Air France', 4),
(5, 'Emirates', 5), (6, 'LATAM Airlines', 6), (7, 'British Airways', 7), (8, 'Lufthansa', 8),
(9, 'Delta Air Lines', 9), (10, 'Copa Airlines', 10);
GO

INSERT INTO Avion (id_avion, id_marca, id_modelo) VALUES
(1, 1, 1), (2, 1, 1), (3, 1, 1), (4, 2, 2), (5, 2, 2), (6, 2, 2), (7, 1, 3), (8, 1, 3),
(9, 2, 4), (10, 2, 4), (11, 1, 3), (12, 1, 3), (13, 2, 7), (14, 2, 7), (15, 1, 5),
(16, 1, 5), (17, 2, 4), (18, 2, 4), (19, 1, 5), (20, 1, 5), (21, 1, 1), (22, 1, 1),
(23, 3, 6), (24, 3, 6), (25, 4, 8), (26, 2, 2), (27, 1, 1), (28, 2, 7), (29, 2, 4),
(30, 1, 5);
GO

INSERT INTO Ruta (id_ruta, duracion_horas, precio, id_aeropuerto_origen, id_aeropuerto_destino, id_tarifa) VALUES
(1, 1.8, 120.50, 9, 19, 1), (2, 3.5, 210.00, 9, 18, 2), (3, 1.8, 120.50, 19, 9, 1), (4, 3.5, 210.00, 18, 9, 2),
(5, 2.8, 450.20, 1, 5, 3), (6, 2.8, 450.20, 5, 1, 3), (7, 4.5, 450.20, 1, 15, 3), (8, 4.5, 450.20, 15, 1, 3),
(9, 6.2, 790.00, 1, 16, 4), (10, 6.2, 790.00, 16, 1, 4), (11, 9.1, 790.00, 1, 10, 4), (12, 9.1, 790.00, 10, 1, 4),
(13, 9.5, 790.00, 1, 3, 4), (14, 9.5, 790.00, 3, 1, 4), (15, 8.8, 790.00, 1, 20, 4), (16, 8.8, 790.00, 20, 1, 4),
(17, 7.0, 790.00, 1, 17, 4), (18, 7.0, 790.00, 17, 1, 4), (19, 11.5, 1150.00, 1, 2, 5), (20, 11.5, 1150.00, 2, 1, 5),
(21, 12.0, 1450.80, 1, 4, 6), (22, 12.0, 1450.80, 4, 1, 6), (23, 11.8, 1450.80, 1, 6, 6), (24, 11.8, 1450.80, 6, 1, 6),
(25, 12.2, 1450.80, 1, 12, 6), (26, 12.5, 790.00, 1, 13, 4), (27, 12.5, 790.00, 13, 1, 4), (28, 9.0, 790.00, 1, 14, 4),
(29, 9.0, 790.00, 14, 1, 4), (30, 2.2, 1150.00, 2, 11, 5), (31, 2.2, 1150.00, 11, 2, 5), (32, 7.0, 1450.80, 6, 7, 6),
(33, 7.0, 1450.80, 7, 6, 6), (34, 14.0, 1450.80, 4, 8, 6), (35, 14.0, 1450.80, 8, 4, 6);
GO

/*
================================================================================
 GRUPO 5: VUELOS (120 Registros Hardcodeados - IDs Manuales)
================================================================================
*/
PRINT 'Poblando GRUPO 5: Vuelo (120 Hardcodeados con IDs)...';

INSERT INTO Vuelo (id_vuelo, fecha_hora_salida, id_ruta) VALUES
(1, '2023-01-10 08:00:00', 1), (2, '2023-01-12 10:00:00', 19), (3, '2023-01-15 14:30:00', 5),
(4, '2023-02-05 09:15:00', 11), (5, '2023-02-10 22:00:00', 20), (6, '2023-03-01 07:00:00', 2),
(7, '2023-03-15 18:00:00', 13), (8, '2023-04-02 12:00:00', 3), (9, '2023-04-20 23:00:00', 21),
(10, '2023-05-10 08:30:00', 1), (11, '2023-05-15 11:00:00', 19), (12, '2023-06-01 15:00:00', 17),
(13, '2023-06-18 09:00:00', 15), (14, '2023-07-04 10:30:00', 1), (15, '2023-07-15 22:30:00', 19),
(16, '2023-07-20 14:00:00', 11), (17, '2023-07-22 16:00:00', 13), (18, '2023-07-25 08:00:00', 1),
(19, '2023-08-05 23:00:00', 20), (20, '2023-08-15 10:00:00', 2), (21, '2023-09-01 09:15:00', 5),
(22, '2023-09-10 22:00:00', 23), (23, '2023-10-05 07:00:00', 4), (24, '2023-10-15 18:00:00', 14),
(25, '2023-11-02 12:00:00', 6), (26, '2023-11-20 23:00:00', 22), (27, '2023-12-10 08:30:00', 1),
(28, '2023-12-15 11:00:00', 19), (29, '2023-12-20 15:00:00', 11), (30, '2023-12-22 09:00:00', 10),
(31, '2023-12-28 10:30:00', 1), (32, '2023-12-30 22:30:00', 20),
(33, '2024-01-10 08:00:00', 1), (34, '2024-01-12 10:00:00', 19), (35, '2024-01-15 14:30:00', 5),
(36, '2024-02-05 09:15:00', 11), (37, '2024-02-10 22:00:00', 20), (38, '2024-03-01 07:00:00', 2),
(39, '2024-03-15 18:00:00', 13), (40, '2024-04-02 12:00:00', 3), (41, '2024-04-20 23:00:00', 21),
(42, '2024-05-10 08:30:00', 1), (43, '2024-05-15 11:00:00', 19), (44, '2024-06-01 15:00:00', 17),
(45, '2024-06-18 09:00:00', 15), (46, '2024-07-04 10:30:00', 1), (47, '2024-07-15 22:30:00', 19),
(48, '2024-07-20 14:00:00', 11), (49, '2024-07-22 16:00:00', 13), (50, '2024-07-25 08:00:00', 1),
(51, '2024-08-05 23:00:00', 20), (52, '2024-08-15 10:00:00', 2), (53, '2024-09-01 09:15:00', 5),
(54, '2024-09-10 22:00:00', 23), (55, '2024-10-05 07:00:00', 4), (56, '2024-10-15 18:00:00', 14),
(57, '2024-11-02 12:00:00', 6), (58, '2024-11-20 23:00:00', 22), (59, '2024-12-10 08:30:00', 1),
(60, '2024-12-15 11:00:00', 19), (61, '2024-12-20 15:00:00', 11), (62, '2024-12-22 09:00:00', 10),
(63, '2024-12-28 10:30:00', 1), (64, '2024-12-30 22:30:00', 20),
(65, '2025-01-10 08:00:00', 1), (66, '2025-01-12 10:00:00', 19), (67, '2025-01-15 14:30:00', 5),
(68, '2025-02-05 09:15:00', 11), (69, '2025-02-10 22:00:00', 20), (70, '2025-03-01 07:00:00', 2),
(71, '2025-03-15 18:00:00', 13), (72, '2025-04-02 12:00:00', 3), (73, '2025-04-20 23:00:00', 21),
(74, '2025-05-10 08:30:00', 1), (75, '2025-05-15 11:00:00', 19), (76, '2025-06-01 15:00:00', 17),
(77, '2025-06-18 09:00:00', 15), (78, '2025-07-04 10:30:00', 1), (79, '2025-07-15 22:30:00', 19),
(80, '2025-07-20 14:00:00', 11), (81, '2025-07-22 16:00:00', 13), (82, '2025-07-25 08:00:00', 1),
(83, '2025-08-05 23:00:00', 20), (84, '2025-08-15 10:00:00', 2), (85, '2025-09-01 09:15:00', 5),
(86, '2025-09-10 22:00:00', 23), (87, '2025-10-05 07:00:00', 4), (88, '2025-10-15 18:00:00', 14),
(89, '2025-10-20 12:00:00', 6), (90, '2025-10-25 23:00:00', 22), (91, '2025-11-01 08:30:00', 1),
(92, '2025-11-05 11:00:00', 19), (93, '2025-11-10 15:00:00', 11), (94, '2025-11-15 09:00:00', 10),
(95, '2025-11-20 10:30:00', 1), (96, '2025-11-25 22:30:00', 20), (97, '2025-12-01 08:00:00', 7),
(98, '2025-12-05 14:00:00', 8), (99, '2025-12-10 09:15:00', 9), (100, '2025-12-15 18:00:00', 10),
(101, '2024-01-20 22:00:00', 26), (102, '2024-03-22 22:00:00', 26), (103, '2024-06-15 10:00:00', 27),
(104, '2024-02-10 08:00:00', 28), (105, '2024-05-18 08:00:00', 28), (106, '2024-09-01 10:00:00', 29),
(107, '2024-01-15 09:00:00', 30), (108, '2024-01-22 14:00:00', 30), (109, '2024-02-15 09:00:00', 30),
(110, '2024-02-22 14:00:00', 31), (111, '2024-03-10 09:00:00', 31), (112, '2024-07-01 15:00:00', 32),
(113, '2024-07-08 15:00:00', 32), (114, '2024-07-15 15:00:00', 32), (115, '2024-08-01 23:00:00', 33),
(116, '2024-08-08 23:00:00', 33), (117, '2025-01-05 13:00:00', 34), (118, '2025-03-05 13:00:00', 34),
(119, '2025-02-10 10:00:00', 35), (120, '2025-04-10 10:00:00', 35);
GO

/*
================================================================================
 GRUPO 6: TABLAS DE UNIÓN N:N (IDs Manuales)
================================================================================
*/
PRINT 'Poblando GRUPO 6: Tablas de Unión N:N (IDs Manuales)...';

-- Aerolinea_Avion (Flota)
INSERT INTO Aerolinea_Avion (id_aerolinea_avion, id_aerolinea, id_avion) VALUES
(1, 1, 1), (2, 1, 2), (3, 1, 3), (4, 1, 23), (5, 1, 24), (6, 1, 25), (7, 2, 4), (8, 2, 5), (9, 2, 6), (10, 2, 28),
(11, 3, 7), (12, 3, 8), (13, 3, 27), (14, 4, 9), (15, 4, 10), (16, 4, 30), (17, 5, 11), (18, 5, 12), (19, 5, 29),
(20, 6, 13), (21, 6, 14), (22, 6, 26), (23, 7, 15), (24, 7, 16), (25, 8, 17), (26, 8, 18), (27, 9, 19), (28, 9, 20),
(29, 10, 21), (30, 10, 22);
GO

-- Aerolinea_Aeropuerto (Operaciones)
INSERT INTO Aerolinea_Aeropuerto (id_aerolinea_aeropuerto, id_aerolinea, id_aeropuerto) VALUES
(1, 1, 1), (2, 1, 9), (3, 1, 19), (4, 1, 18), (5, 1, 2), (6, 1, 10), (7, 1, 3), (8, 1, 14), (9, 2, 2), (10, 2, 1),
(11, 2, 4), (12, 2, 11), (13, 2, 15), (14, 3, 3), (15, 3, 10), (16, 3, 13), (17, 3, 1), (18, 3, 6), (19, 4, 4),
(20, 4, 1), (21, 4, 3), (22, 4, 5), (23, 4, 8), (24, 5, 7), (25, 5, 1), (26, 5, 4), (27, 5, 6), (28, 6, 15),
(29, 6, 1), (30, 6, 5), (31, 6, 9), (32, 6, 16), (33, 6, 14), (34, 7, 6), (35, 7, 1), (36, 7, 3), (37, 7, 7),
(38, 8, 12), (39, 8, 1), (40, 8, 5), (41, 8, 8), (42, 8, 2), (43, 9, 3), (44, 9, 10), (45, 9, 13), (46, 9, 2),
(47, 10, 17), (48, 10, 10), (49, 10, 1), (50, 10, 16);
GO

-- Aerolinea_Vuelo (120 asignaciones con IDs Manuales)
INSERT INTO Aerolinea_Vuelo (id_aerolinea_vuelo, id_aerolinea, id_vuelo) VALUES
(1, 1, 1), (2, 1, 2), (3, 1, 6), (4, 1, 8), (5, 1, 10), (6, 1, 14), (7, 1, 18), (8, 1, 20), (9, 1, 23), (10, 1, 27),
(11, 1, 31), (12, 1, 33), (13, 1, 34), (14, 1, 38), (15, 1, 40), (16, 1, 42), (17, 1, 46), (18, 1, 50), (19, 1, 52), (20, 1, 55),
(21, 1, 59), (22, 1, 63), (23, 1, 65), (24, 1, 66), (25, 1, 70), (26, 1, 72), (27, 1, 74), (28, 1, 78), (29, 1, 82), (30, 1, 84),
(31, 1, 87), (32, 1, 91), (33, 1, 95), (34, 1, 97), (35, 1, 98), (36, 2, 5), (37, 2, 11), (38, 2, 15), (39, 2, 19), (40, 2, 28),
(41, 2, 32), (42, 2, 37), (43, 2, 43), (44, 2, 47), (45, 2, 51), (46, 2, 60), (47, 2, 64), (48, 2, 69), (49, 2, 75), (50, 2, 79),
(51, 2, 83), (52, 2, 92), (53, 2, 96), (54, 3, 4), (55, 3, 7), (56, 3, 16), (57, 3, 24), (58, 3, 29), (59, 3, 36), (60, 3, 39),
(61, 3, 48), (62, 3, 56), (63, 3, 61), (64, 3, 68), (65, 3, 71), (66, 3, 80), (67, 3, 88), (68, 3, 93), (69, 4, 9), (70, 4, 21),
(71, 4, 26), (72, 4, 41), (73, 4, 53), (74, 4, 58), (75, 4, 73), (76, 4, 85), (77, 4, 90), (78, 7, 22), (79, 7, 54), (80, 7, 86),
(81, 8, 25), (82, 8, 57), (83, 8, 89), (84, 10, 12), (85, 10, 30), (86, 10, 44), (87, 10, 62), (88, 10, 76), (89, 10, 94), (90, 10, 100),
(91, 6, 3), (92, 6, 13), (93, 6, 17), (94, 6, 35), (95, 6, 45), (96, 6, 49), (97, 6, 67), (98, 6, 77), (99, 6, 81), (100, 6, 99),
(101, 3, 101), (102, 9, 102), (103, 3, 103), (104, 1, 104), (105, 6, 105), (106, 1, 106), (107, 2, 107), (108, 2, 108), (109, 8, 109), (110, 2, 110),
(111, 8, 111), (112, 5, 112), (113, 7, 113), (114, 5, 114), (115, 5, 115), (116, 7, 116), (117, 4, 117), (118, 8, 118), (119, 4, 119), (120, 4, 120);
GO

-- Asignar_Empleado (IDs Manuales)
INSERT INTO Asignar_Empleado (id_asignar_empleado, id_aerolinea, id_aeropuerto, id_empleado) VALUES
(1, 1, 1, 1), (2, 1, 1, 3), (3, 1, 9, 5), (4, 1, 9, 7), (5, 1, 9, 8), (6, 1, 1, 9), (7, 1, 1, 10), (8, 1, 1, 11), (9, 1, 1, 13), (10, 1, 9, 15),
(11, 1, 9, 17), (12, 1, 1, 19), (13, 1, 1, 21), (14, 1, 9, 23), (15, 1, 9, 25), (16, 1, 1, 26), (17, 1, 9, 28), (18, 1, 1, 29),
(19, 2, 2, 2), (20, 2, 2, 4), (21, 2, 2, 6), (22, 2, 2, 12), (23, 3, 3, 14), (24, 3, 10, 16), (25, 4, 4, 18), (26, 4, 4, 20),
(27, 6, 15, 22), (28, 10, 17, 24), (29, 9, 3, 27), (30, 5, 7, 30);
GO

/*
================================================================================
 GRUPO 7: PASAJE (340 Registros Hardcodeados - IDs Manuales - Asientos Corregidos)
================================================================================
*/
PRINT 'Poblando GRUPO 7: Pasaje (340 Hardcodeados con IDs - Asientos Corregidos)...';

/*
================================================================================
 GRUPO 7: PASAJE (340 Registros Hardcodeados - IDs Manuales Secuenciales - Asientos Corregidos)
================================================================================
*/
PRINT 'Poblando GRUPO 7: Pasaje (340 Hardcodeados con IDs Secuenciales - Asientos Corregidos)...';

/*
================================================================================
 GRUPO 7: PASAJE (340 Registros Hardcodeados - IDs Manuales Secuenciales - Asientos Corregidos v2)
================================================================================
*/
PRINT 'Poblando GRUPO 7: Pasaje (340 Hardcodeados con IDs Secuenciales - Asientos Corregidos v2)...';

/*
================================================================================
 GRUPO 7: PASAJE (340 Registros Hardcodeados - IDs Manuales Secuenciales - Asientos Corregidos v3)
================================================================================
*/
PRINT 'Poblando GRUPO 7: Pasaje (340 Hardcodeados con IDs Secuenciales - Asientos Corregidos v3)...';

INSERT INTO Pasaje (id_pasaje, asiento, fecha_compra, id_vuelo, id_pasajero, id_clase_pasaje) VALUES
(1, '10A', '2023-01-05', 1, 1, 1), (2, '10B', '2023-01-05', 1, 2, 1), (3, '22C', '2023-01-02', 2, 3, 3),
(4, '15F', '2023-01-10', 3, 4, 1), (5, '18B', '2023-02-01', 4, 5, 2), (6, '30A', '2023-02-05', 5, 6, 1),
(7, '30B', '2023-02-05', 5, 7, 1), (8, '05K', '2023-02-20', 6, 8, 3), (9, '12D', '2023-03-10', 7, 9, 1),
(10, '25A', '2023-04-01', 8, 10, 1), (11, '02A', '2023-04-15', 9, 11, 4), (12, '14C', '2023-05-01', 10, 12, 1),
(13, '19F', '2023-05-10', 11, 1, 2), (14, '20A', '2023-05-10', 11, 2, 2), (15, '08B', '2023-05-20', 12, 13, 1),
(16, '31A', '2023-06-01', 13, 14, 1), (17, '31B', '2023-06-01', 13, 15, 1), (18, '16C', '2023-07-01', 14, 16, 1),
(19, '22F', '2023-07-10', 15, 17, 2), (20, '28D', '2023-07-15', 16, 18, 1), (21, '10A', '2023-07-18', 17, 19, 1),
(22, '10B', '2023-07-18', 17, 20, 1), (23, '11A', '2023-07-20', 18, 21, 1), (24, '04D', '2023-08-01', 19, 3, 3),
(25, '15A', '2023-08-10', 20, 22, 1), (26, '19G', '2023-08-20', 21, 23, 1), (27, '21C', '2023-09-01', 22, 24, 2),
(28, '22A', '2023-10-01', 23, 25, 1), (29, '14F', '2023-10-10', 24, 26, 1), (30, '12B', '2023-10-20', 25, 27, 1),
(31, '01A', '2023-11-15', 26, 11, 4), (32, '30A', '2023-12-01', 27, 28, 1), (33, '30B', '2023-12-01', 27, 29, 1),
(34, '25D', '2023-12-10', 28, 30, 2), (35, '16E', '2023-12-15', 29, 1, 1), (36, '18C', '2023-12-18', 30, 31, 1),
(37, '19A', '2023-12-20', 31, 32, 1), (38, '05F', '2023-12-25', 32, 5, 2), (39, '10A', '2024-01-05', 33, 1, 1),
(40, '10B', '2024-01-05', 33, 2, 1), (41, '22C', '2024-01-02', 34, 3, 3), (42, '15F', '2024-01-10', 35, 4, 1),
(43, '18B', '2024-02-01', 36, 33, 2), (44, '30A', '2024-02-05', 37, 34, 1), (45, '30B', '2024-02-05', 37, 35, 1),
(46, '05K', '2024-02-20', 38, 36, 3), (47, '12D', '2024-03-10', 39, 37, 1), (48, '25A', '2024-04-01', 40, 38, 1),
(49, '02A', '2024-04-15', 41, 39, 4), (50, '14C', '2024-05-01', 42, 40, 1), (51, '19F', '2024-05-10', 43, 41, 2),
(52, '20A', '2024-05-10', 43, 42, 2), (53, '08B', '2024-05-20', 44, 43, 1), (54, '31A', '2024-06-01', 45, 44, 1),
(55, '31B', '2024-06-01', 45, 45, 1), (56, '16C', '2024-07-01', 46, 46, 1), (57, '22F', '2024-07-10', 47, 47, 2),
(58, '28D', '2024-07-15', 48, 48, 1), (59, '10A', '2024-07-18', 49, 49, 1), (60, '10B', '2024-07-18', 49, 50, 1),
(61, '11A', '2024-07-20', 50, 1, 1), (62, '04D', '2024-08-01', 51, 3, 3), (63, '15A', '2024-08-10', 52, 5, 1),
(64, '19G', '2024-08-20', 53, 6, 1), (65, '21C', '2024-09-01', 54, 7, 2), (66, '22A', '2024-10-01', 55, 8, 1),
(67, '14F', '2024-10-10', 56, 9, 1), (68, '12B', '2024-10-20', 57, 10, 1), (69, '01A', '2024-11-15', 58, 11, 4),
(70, '30A', '2024-12-01', 59, 12, 1), (71, '30B', '2024-12-01', 59, 13, 1), (72, '25D', '2024-12-10', 60, 14, 2),
(73, '16E', '2024-12-15', 61, 15, 1), (74, '18C', '2024-12-18', 62, 16, 1), (75, '19A', '2024-12-20', 63, 17, 1),
(76, '05F', '2024-12-25', 64, 18, 2), (77, '10A', '2025-01-05', 65, 1, 1), (78, '10B', '2025-01-05', 65, 2, 1),
(79, '22C', '2025-01-02', 66, 3, 3), (80, '15F', '2025-01-10', 67, 19, 1), (81, '18B', '2025-02-01', 68, 20, 2),
(82, '30A', '2025-02-05', 69, 21, 1), (83, '30B', '2025-02-05', 69, 22, 1), (84, '05K', '2025-02-20', 70, 23, 3),
(85, '12D', '2025-03-10', 71, 24, 1), (86, '25A', '2025-04-01', 72, 25, 1), (87, '02A', '2025-04-15', 73, 26, 4),
(88, '14C', '2025-05-01', 74, 27, 1), (89, '19F', '2025-05-10', 75, 28, 2), (90, '20A', '2025-05-10', 75, 29, 2),
(91, '08B', '2025-05-20', 76, 30, 1), (92, '31A', '2025-06-01', 77, 31, 1), (93, '31B', '2025-06-01', 77, 32, 1),
(94, '16C', '2025-07-01', 78, 33, 1), (95, '22F', '2025-07-10', 79, 34, 2), (96, '28D', '2025-07-15', 80, 35, 1),
(97, '10A', '2025-07-18', 81, 36, 1), (98, '10B', '2025-07-18', 81, 37, 1), (99, '11A', '2025-07-20', 82, 38, 1),
(100, '04D', '2025-08-01', 83, 39, 3), (101, '15A', '2025-08-10', 84, 40, 1), (102, '19G', '2025-08-20', 85, 41, 1),
(103, '21C', '2025-09-01', 86, 42, 2), (104, '22A', '2025-10-01', 87, 43, 1), (105, '14F', '2025-10-10', 88, 44, 1),
(106, '12B', '2025-10-15', 89, 45, 1), (107, '01A', '2025-10-20', 90, 46, 4), (108, '30A', '2025-10-25', 91, 47, 1),
(109, '30B', '2025-10-25', 91, 48, 1), (110, '25D', '2025-11-01', 92, 49, 2), (111, '16E', '2025-11-05', 93, 50, 1),
(112, '18C', '2025-11-10', 94, 1, 1), (113, '19A', '2025-11-15', 95, 2, 1), (114, '05F', '2025-11-20', 96, 3, 2),
(115, '10A', '2025-11-25', 97, 4, 1), (116, '10B', '2025-12-01', 98, 5, 1), (117, '22C', '2025-12-05', 99, 6, 3),
(118, '15F', '2025-12-10', 100, 7, 1), (119, '18B', '2023-01-05', 1, 3, 1), (120, '10C', '2023-01-05', 1, 4, 1),
(121, '23C', '2023-01-02', 2, 5, 3), (122, '16F', '2023-01-10', 3, 6, 1), (123, '19B', '2023-02-01', 4, 7, 2),
(124, '31A', '2023-02-05', 5, 8, 1), (125, '31B', '2023-02-05', 5, 9, 1), (126, '06K', '2023-02-20', 6, 10, 3),
(127, '13D', '2023-03-10', 7, 11, 1), (128, '26A', '2023-04-01', 8, 12, 1), (129, '03A', '2023-04-15', 9, 13, 4),
(130, '15C', '2023-05-01', 10, 14, 1), (131, '20F', '2023-05-10', 11, 15, 2), (132, '21A', '2023-05-10', 11, 16, 2),
(133, '09B', '2023-05-20', 12, 17, 1), (134, '32A', '2023-06-01', 13, 18, 1), (135, '32B', '2023-06-01', 13, 19, 1),
(136, '17C', '2023-07-01', 14, 20, 1), (137, '23F', '2023-07-10', 15, 21, 2), (138, '29D', '2023-07-15', 16, 22, 1),
(139, '11A', '2023-07-18', 17, 23, 1), (140, '11B', '2023-07-18', 17, 24, 1), (141, '12A', '2023-07-20', 18, 25, 1),
(142, '05D', '2023-08-01', 19, 26, 3), (143, '16A', '2023-08-10', 20, 27, 1), (144, '20G', '2023-08-20', 21, 28, 1),
(145, '22C', '2023-09-01', 22, 29, 2), (146, '23A', '2023-10-01', 23, 30, 1), (147, '15F', '2023-10-10', 24, 31, 1),
(148, '13B', '2023-10-20', 25, 32, 1), (149, '02A', '2023-11-15', 26, 33, 4), (150, '31A', '2023-12-01', 27, 34, 1),
-- Pasajes 151-300 (Para pasajeros 51-150)
(151, '11C', '2024-01-05', 33, 51, 1), (152, '12C', '2024-01-05', 33, 52, 1), (153, '23C', '2024-01-02', 34, 53, 3),
(154, '16F', '2024-01-10', 35, 54, 1), (155, '19B', '2024-02-01', 36, 55, 2), (156, '32A', '2024-02-05', 37, 56, 1),
(157, '32B', '2024-02-05', 37, 57, 1), (158, '06K', '2024-02-20', 38, 58, 3), (159, '13D', '2024-03-10', 39, 59, 1),
(160, '26A', '2024-04-01', 40, 60, 1), (161, '03A', '2024-04-15', 41, 61, 4), (162, '15C', '2024-05-01', 42, 62, 1),
(163, '19E', '2024-05-10', 43, 63, 2), -- CORREGIDO (era 19F)
(164, '21A', '2024-05-10', 43, 64, 2), (165, '09B', '2024-05-20', 44, 65, 1),
(166, '33A', '2024-06-01', 45, 66, 1), (167, '33B', '2024-06-01', 45, 67, 1), (168, '17C', '2024-07-01', 46, 68, 1),
(169, '23F', '2024-07-10', 47, 69, 2), (170, '29D', '2024-07-15', 48, 70, 1), (171, '11A', '2024-07-18', 49, 71, 1),
(172, '11B', '2024-07-18', 49, 72, 1), (173, '12A', '2024-07-20', 50, 73, 1), (174, '05D', '2024-08-01', 51, 74, 3),
(175, '16A', '2024-08-10', 52, 75, 1), (176, '20G', '2024-08-20', 53, 76, 1), (177, '22C', '2024-09-01', 54, 77, 2),
(178, '23A', '2024-10-01', 55, 78, 1), (179, '15F', '2024-10-10', 56, 79, 1), (180, '13B', '2024-10-20', 57, 80, 1),
(181, '02A', '2024-11-15', 58, 81, 4), (182, '31A', '2024-12-01', 59, 82, 1), (183, '31B', '2024-12-01', 59, 83, 1),
(184, '26D', '2024-12-10', 60, 84, 2), (185, '17E', '2024-12-15', 61, 85, 1), (186, '19C', '2024-12-18', 62, 86, 1),
(187, '20A', '2024-12-20', 63, 87, 1), (188, '06F', '2024-12-25', 64, 88, 2), (189, '11A', '2025-01-05', 65, 89, 1),
(190, '11B', '2025-01-05', 65, 90, 1), (191, '23C', '2025-01-02', 66, 91, 3), (192, '16F', '2025-01-10', 67, 92, 1),
(193, '19B', '2025-02-01', 68, 93, 2), (194, '31A', '2025-02-05', 69, 94, 1), (195, '31B', '2025-02-05', 69, 95, 1),
(196, '06K', '2025-02-20', 70, 96, 3), (197, '13D', '2025-03-10', 71, 97, 1), (198, '26A', '2025-04-01', 72, 98, 1),
(199, '03A', '2025-04-15', 73, 99, 4), (200, '15C', '2025-05-01', 74, 100, 1), (201, '20F', '2025-05-10', 75, 101, 2),
(202, '21A', '2025-05-10', 75, 102, 2), (203, '09B', '2025-05-20', 76, 103, 1), (204, '32A', '2025-06-01', 77, 104, 1),
(205, '32B', '2025-06-01', 77, 105, 1), (206, '17C', '2025-07-01', 78, 106, 1), (207, '23F', '2025-07-10', 79, 107, 2),
(208, '29D', '2025-07-15', 80, 108, 1), (209, '11A', '2025-07-18', 81, 109, 1), (210, '11B', '2025-07-18', 81, 110, 1),
(211, '12A', '2025-07-20', 82, 111, 1), (212, '05D', '2025-08-01', 83, 112, 3), (213, '16A', '2025-08-10', 84, 113, 1),
(214, '20G', '2025-08-20', 85, 114, 1), (215, '22C', '2025-09-01', 86, 115, 2), (216, '23A', '2025-10-01', 87, 116, 1),
(217, '15F', '2025-10-10', 88, 117, 1), (218, '13B', '2025-10-15', 89, 118, 1), (219, '02A', '2025-10-20', 90, 119, 4),
(220, '31A', '2025-10-25', 91, 120, 1), (221, '31B', '2025-10-25', 91, 121, 1), (222, '26D', '2025-11-01', 92, 122, 2),
(223, '17E', '2025-11-05', 93, 123, 1), (224, '19C', '2025-11-10', 94, 124, 1), (225, '20A', '2025-11-15', 95, 125, 1),
(226, '06F', '2025-11-20', 96, 126, 2), (227, '11A', '2025-11-25', 97, 127, 1), (228, '11B', '2025-12-01', 98, 128, 1),
(229, '23C', '2025-12-05', 99, 129, 3), (230, '16F', '2025-12-10', 100, 130, 1), (231, '19B', '2023-01-05', 1, 131, 1),
(232, '11C', '2023-01-05', 1, 132, 1), (233, '24C', '2023-01-02', 2, 133, 3), -- Primer 24C en vuelo 2
(234, '17F', '2023-01-10', 3, 134, 1), (235, '20B', '2023-02-01', 4, 135, 2), (236, '32A', '2023-02-05', 5, 136, 1),
(237, '32B', '2023-02-05', 5, 137, 1), (238, '07K', '2023-02-20', 6, 138, 3), (239, '14D', '2023-03-10', 7, 139, 1),
(240, '27A', '2023-04-01', 8, 140, 1), (241, '04A', '2023-04-15', 9, 141, 4), (242, '16C', '2023-05-01', 10, 142, 1),
(243, '21F', '2023-05-10', 11, 143, 2), (244, '22A', '2023-05-10', 11, 144, 2), (245, '10B', '2023-05-20', 12, 145, 1),
(246, '33A', '2023-06-01', 13, 146, 1), (247, '33B', '2023-06-01', 13, 147, 1), (248, '18C', '2023-07-01', 14, 148, 1),
(249, '24F', '2023-07-10', 15, 149, 2), (250, '30D', '2023-07-15', 16, 150, 1), (251, '12A', '2023-07-18', 17, 51, 1),
(252, '12B', '2023-07-18', 17, 52, 1), (253, '13A', '2023-07-20', 18, 53, 1), (254, '06D', '2023-08-01', 19, 54, 3),
(255, '17A', '2023-08-10', 20, 55, 1), (256, '21G', '2023-08-20', 21, 56, 1), (257, '23C', '2023-09-01', 22, 57, 2),
(258, '24A', '2023-10-01', 23, 58, 1), (259, '16F', '2023-10-10', 24, 59, 1), (260, '14B', '2023-10-20', 25, 60, 1),
(261, '03A', '2023-11-15', 26, 61, 4), (262, '32A', '2023-12-01', 27, 62, 1),
-- Pasajes Nuevos (301-340) para Vuelos Nuevos (101 -> 120)
(263, '20A', '2024-01-10', 101, 51, 1), (264, '20B', '2024-01-10', 101, 52, 1), (265, '15C', '2024-03-01', 102, 10, 2),
(266, '15D', '2024-03-01', 102, 1, 2), (267, '08A', '2024-06-01', 103, 51, 1), (268, '08B', '2024-06-01', 103, 52, 1),
(269, '10A', '2024-02-01', 104, 30, 1), (270, '10B', '2024-02-01', 104, 31, 1), (271, '10C', '2024-02-01', 104, 32, 1),
(272, '25F', '2024-05-01', 105, 70, 1), (273, '30A', '2024-08-15', 106, 30, 1), (274, '30B', '2024-08-15', 106, 31, 1),
(275, '05A', '2024-01-05', 107, 3, 3), (276, '05B', '2024-01-05', 107, 4, 3), (277, '12C', '2024-01-15', 108, 80, 1),
(278, '12D', '2024-01-15', 108, 81, 1), (279, '02A', '2024-02-01', 109, 90, 3), (280, '14A', '2024-02-15', 110, 3, 3),
(281, '14B', '2024-02-15', 110, 4, 3), (282, '18C', '2024-03-01', 111, 90, 3), (283, '01A', '2024-06-15', 112, 11, 4),
(284, '01B', '2024-06-15', 112, 12, 4), (285, '01C', '2024-06-15', 112, 13, 4), (286, '20F', '2024-06-20', 113, 140, 1),
(287, '20G', '2024-06-20', 113, 141, 1), (288, '03A', '2024-07-01', 114, 15, 3), (289, '03B', '2024-07-01', 114, 16, 3),
(290, '02A', '2024-07-20', 115, 11, 4), (291, '02B', '2024-07-20', 115, 12, 4), (292, '02C', '2024-07-20', 115, 13, 4),
(293, '22A', '2024-07-25', 116, 140, 1), (294, '22B', '2024-07-25', 116, 141, 1), (295, '01A', '2024-12-01', 117, 1, 4),
(296, '01B', '2024-12-01', 117, 2, 4), (297, '10A', '2025-02-15', 118, 150, 1), (298, '10B', '2025-02-15', 118, 149, 1),
(299, '02A', '2025-01-20', 119, 1, 4), (300, '02B', '2025-01-20', 119, 2, 4),
-- Pasajes 301-340 (Continuación de IDs secuenciales)
(301, '11A', '2025-03-15', 120, 150, 1), (302, '11B', '2025-03-15', 120, 149, 1), (303, '12A', '2023-01-05', 1, 133, 1),
(304, '12B', '2023-01-05', 1, 134, 1), (305, '24D', '2023-01-02', 2, 135, 3), -- CORREGIDO (era 24C)
(306, '18F', '2023-01-10', 3, 136, 1), (307, '21B', '2023-02-01', 4, 137, 2), (308, '33A', '2023-02-05', 5, 138, 1),
(309, '33B', '2023-02-05', 5, 139, 1), (310, '08K', '2023-02-20', 6, 140, 3), (311, '15D', '2023-03-10', 7, 141, 1),
(312, '28A', '2023-04-01', 8, 142, 1), (313, '05A', '2023-04-15', 9, 143, 4), (314, '17C', '2023-05-01', 10, 144, 1),
(315, '22F', '2023-05-10', 11, 145, 2), (316, '23A', '2023-05-10', 11, 146, 2), (317, '11B', '2023-05-20', 12, 147, 1),
(318, '34A', '2023-06-01', 13, 148, 1), (319, '34B', '2023-06-01', 13, 149, 1), (320, '19C', '2023-07-01', 14, 150, 1),
(321, '25F', '2023-07-10', 15, 1, 2), (322, '31D', '2023-07-15', 16, 2, 1), (323, '13A', '2023-07-18', 17, 3, 1),
(324, '13B', '2023-07-18', 17, 4, 1), (325, '14A', '2023-07-20', 18, 5, 1), (326, '07D', '2023-08-01', 19, 6, 3),
(327, '18A', '2023-08-10', 20, 7, 1), (328, '22G', '2023-08-20', 21, 8, 1), (329, '24C', '2023-09-01', 22, 9, 2), -- Primer 24C en vuelo 22
(330, '25A', '2023-10-01', 23, 10, 1), (331, '17F', '2023-10-10', 24, 11, 1), (332, '15B', '2023-10-20', 25, 12, 1),
(333, '04A', '2023-11-15', 26, 13, 4), (334, '33A', '2023-12-01', 27, 14, 1), (335, '21A', '2024-01-10', 101, 15, 1),
(336, '21B', '2024-01-10', 101, 16, 1), (337, '16C', '2024-03-01', 102, 17, 2), (338, '16D', '2024-03-01', 102, 18, 2),
(339, '09A', '2024-06-01', 103, 19, 1), (340, '09B', '2024-06-01', 103, 20, 1);
GO

/*
================================================================================
 GRUPO 8: AEROLINEA_PASAJE (Coherencia Final - IDs Manuales)
================================================================================
*/
PRINT 'Poblando GRUPO 8: Aerolinea_Pasaje (340 Hardcodeados con IDs)...';

INSERT INTO Aerolinea_Pasaje (id_aerolinea_pasaje, id_aerolinea, id_pasaje) VALUES
(1, 1, 1), (2, 1, 2), (3, 2, 3), (4, 6, 4), (5, 3, 5), (6, 2, 6), (7, 2, 7), (8, 1, 8), (9, 3, 9), (10, 1, 10),
(11, 4, 11), (12, 1, 12), (13, 2, 13), (14, 2, 14), (15, 10, 15), (16, 6, 16), (17, 6, 17), (18, 1, 18), (19, 2, 19), (20, 3, 20),
(21, 6, 21), (22, 6, 22), (23, 1, 23), (24, 2, 24), (25, 1, 25), (26, 4, 26), (27, 7, 27), (28, 1, 28), (29, 3, 29), (30, 8, 30),
(31, 4, 31), (32, 1, 32), (33, 1, 33), (34, 2, 34), (35, 3, 35), (36, 10, 36), (37, 1, 37), (38, 2, 38), (39, 1, 39), (40, 1, 40),
(41, 2, 41), (42, 6, 42), (43, 3, 43), (44, 2, 44), (45, 2, 45), (46, 1, 46), (47, 3, 47), (48, 1, 48), (49, 4, 49), (50, 1, 50),
(51, 2, 51), (52, 2, 52), (53, 10, 53), (54, 6, 54), (55, 6, 55), (56, 1, 56), (57, 2, 57), (58, 3, 58), (59, 6, 59), (60, 6, 60),
(61, 1, 61), (62, 2, 62), (63, 1, 63), (64, 4, 64), (65, 7, 65), (66, 1, 66), (67, 3, 67), (68, 8, 68), (69, 4, 69), (70, 1, 70),
(71, 1, 71), (72, 2, 72), (73, 3, 73), (74, 10, 74), (75, 1, 75), (76, 2, 76), (77, 1, 77), (78, 1, 78), (79, 2, 79), (80, 6, 80),
(81, 3, 81), (82, 2, 82), (83, 2, 83), (84, 1, 84), (85, 3, 85), (86, 1, 86), (87, 4, 87), (88, 1, 88), (89, 2, 89), (90, 2, 90),
(91, 10, 91), (92, 6, 92), (93, 6, 93), (94, 1, 94), (95, 2, 95), (96, 3, 96), (97, 6, 97), (98, 1, 98), (99, 6, 99), (100, 10, 100),
(101, 1, 101), (102, 4, 102), (103, 7, 103), (104, 1, 104), (105, 3, 105), (106, 8, 106), (107, 4, 107), (108, 1, 108), (109, 1, 109), (110, 2, 110),
(111, 3, 111), (112, 10, 112), (113, 1, 113), (114, 2, 114), (115, 6, 115), (116, 1, 116), (117, 6, 117), (118, 10, 118), (119, 1, 119), (120, 1, 120),
(121, 2, 121), (122, 6, 122), (123, 3, 123), (124, 2, 124), (125, 2, 125), (126, 1, 126), (127, 3, 127), (128, 1, 128), (129, 4, 129), (130, 1, 130),
(131, 2, 131), (132, 2, 132), (133, 10, 133), (134, 6, 134), (135, 6, 135), (136, 1, 136), (137, 2, 137), (138, 3, 138), (139, 6, 139), (140, 6, 140),
(141, 1, 141), (142, 2, 142), (143, 1, 143), (144, 4, 144), (145, 7, 145), (146, 1, 146), (147, 3, 147), (148, 8, 148), (149, 4, 149), (150, 1, 150),
(151, 1, 151), (152, 1, 152), (153, 2, 153), (154, 6, 154), (155, 3, 155), (156, 2, 156), (157, 2, 157), (158, 1, 158), (159, 3, 159), (160, 1, 160),
(161, 4, 161), (162, 1, 162), (163, 2, 163), (164, 2, 164), (165, 10, 165), (166, 6, 166), (167, 6, 167), (168, 1, 168), (169, 2, 169), (170, 3, 170),
(171, 6, 171), (172, 6, 172), (173, 1, 173), (174, 2, 174), (175, 1, 175), (176, 4, 176), (177, 7, 177), (178, 1, 178), (179, 3, 179), (180, 8, 180),
(181, 4, 181), (182, 1, 182), (183, 1, 183), (184, 2, 184), (185, 3, 185), (186, 10, 186), (187, 1, 187), (188, 2, 188), (189, 1, 189), (190, 1, 190),
(191, 2, 191), (192, 6, 192), (193, 3, 193), (194, 2, 194), (195, 2, 195), (196, 1, 196), (197, 3, 197), (198, 1, 198), (199, 4, 199), (200, 1, 200),
(201, 2, 201), (202, 2, 202), (203, 10, 203), (204, 6, 204), (205, 6, 205), (206, 1, 206), (207, 2, 207), (208, 3, 208), (209, 6, 209), (210, 6, 210),
(211, 1, 211), (212, 2, 212), (213, 1, 213), (214, 4, 214), (215, 7, 215), (216, 1, 216), (217, 3, 217), (218, 8, 218), (219, 4, 219), (220, 1, 220),
(221, 1, 221), (222, 2, 222), (223, 3, 223), (224, 10, 224), (225, 1, 225), (226, 2, 226), (227, 1, 227), (228, 1, 228), (229, 2, 229), (230, 6, 230),
(231, 3, 231), (232, 2, 232), (233, 2, 233), (234, 1, 234), (235, 3, 235), (236, 1, 236), (237, 4, 237), (238, 1, 238), (239, 2, 239), (240, 2, 240),
(241, 10, 241), (242, 6, 242), (243, 6, 243), (244, 1, 244), (245, 2, 245), (246, 3, 246), (247, 6, 247), (248, 6, 248), (249, 1, 249), (250, 2, 250),
(251, 1, 251), (252, 4, 252), (253, 7, 253), (254, 1, 254), (255, 3, 255), (256, 8, 256), (257, 4, 257), (258, 1, 258), (259, 1, 259), (260, 2, 260),
(261, 3, 261), (262, 10, 262), (263, 1, 263), (264, 1, 264), (265, 3, 265), (266, 9, 266), (267, 3, 267), (268, 3, 268), (269, 1, 269), (270, 1, 270),
(271, 1, 271), (272, 6, 272), (273, 1, 273), (274, 1, 274), (275, 2, 275), (276, 2, 276), (277, 2, 277), (278, 2, 278), (279, 8, 279), (280, 2, 280),
(281, 2, 281), (282, 8, 282), (283, 5, 283), (284, 5, 284), (285, 5, 285), (286, 7, 286), (287, 7, 287), (288, 5, 288), (289, 5, 289), (290, 5, 290),
(291, 5, 291), (292, 5, 292), (293, 7, 293), (294, 7, 294), (295, 4, 295), (296, 4, 296), (297, 8, 297), (298, 8, 298), (299, 4, 299), (300, 4, 300),
(301, 4, 301), (302, 4, 302), (303, 1, 303), (304, 1, 304), (305, 2, 305), (306, 6, 306), (307, 3, 307), (308, 1, 308), (309, 1, 309), (310, 1, 310),
(311, 3, 311), (312, 1, 312), (313, 2, 313), (314, 2, 314), (315, 2, 315), (316, 2, 316), (317, 8, 317), (318, 2, 318), (319, 2, 319), (320, 8, 320),
(321, 5, 321), (322, 5, 322), (323, 5, 323), (324, 7, 324), (325, 7, 325), (326, 5, 326), (327, 5, 327), (328, 5, 328), (329, 5, 329), (330, 5, 330),
(331, 7, 331), (332, 7, 332), (333, 4, 333), (334, 4, 334), (335, 8, 335), (336, 8, 336), (337, 4, 337), (338, 4, 338), (339, 4, 339), (340, 4, 340);
GO